Model,MAE,RMSE,MAPE (%),Forecast Month 1,Forecast Month 2,Forecast Month 3
SARIMA,20749.4,26434.16,28.37,50473.998,30237.17,58667.809
Prophet,10397.93,14020.24,14.98,42942.922173658575,31284.72921778167,81616.83993738024
XGBoost,12252.75,20229.12,18.4909432660657,54975.086,36873.359,60311.684
